model,ROC_AUC,PR_AUC (avg_precision),F1 (failed),Recall (failed),Precision (failed),Balanced_Accuracy
LogisticRegression,0.5089958419942344,0.05011237670729681,0.008640053402172188,0.36333333333333345,0.004374932107943327,0.547215011893273
AdaBoost,0.5166320887927942,0.012120292650338744,0.0,0.0,0.0,0.499978459875283
HistGradientBoosting,0.5264667970441582,0.010139377233998268,0.0,0.0,0.0,0.49983847226346456
XGBoost,0.5017564887160832,0.010091712038862605,0.0,0.0,0.0,0.4996607691344049
GaussianNB,0.44169994927186557,0.008805194737485427,0.0,0.0,0.0,0.49346854585019106
KNN,0.5457037407359291,0.008178973622032248,0.0,0.0,0.0,0.5
LightGBM,0.4656007630099105,0.007284627394091949,0.0,0.0,0.0,0.4999138395011321
EasyEnsemble (imblearn),0.49607977463098374,0.0071565191074521185,0.0063733927324456366,0.47666666666666674,0.003208421712663373,0.506636883220123
RandomForest (current baseline),0.5258933584035484,0.006961876731545981,0.0,0.0,0.0,0.49994614968820755
GradientBoosting,0.54907405495651,0.0068940391877920755,0.0,0.0,0.0,0.4984277042890019
MLP (small NN),0.4325756707558493,0.00594017823005705,0.0,0.0,0.0,0.5
SVM (RBF),0.4344091912265073,0.005874515318535289,0.004287857494583814,0.13999999999999999,0.0021797911749006334,0.47288572714450083
BalancedRandomForest (imblearn),0.5540373601883126,0.005672509248340435,0.005146159650125787,0.16666666666666663,0.002614443045607167,0.48409351298516506
ExtraTrees,0.410820747961595,0.005408138191432385,0.001688881294144452,0.013333333333333332,0.00090348115520688,0.4831796429388911
DecisionTree,0.47775222747547114,0.00401882555778364,0.0037611965238975296,0.09,0.0019257848737823926,0.47996167551315844
